SpineBase;;;SpineMid;;;Neck;;;Head;;;ShoulderLeft;;;ElbowLeft;;;WristLeft;;;HandLeft;;;ShoulderRight;;;ElbowRight;;;WristRight;;;HandRight;;;HipLeft;;;KneeLeft;;;AnkleLeft;;;FootLeft;;;HipRight;;;KneeRight;;;AnkleRight;;;FootRight;;;SpineShoulder;;;HandTipLeft;;;ThumbLeft;;;HandTipRight;;;ThumbRight;;;
X;Y;Z;X;Y;Z;X;Y;Z;X;Y;Z;X;Y;Z;X;Y;Z;X;Y;Z;X;Y;Z;X;Y;Z;X;Y;Z;X;Y;Z;X;Y;Z;X;Y;Z;X;Y;Z;X;Y;Z;X;Y;Z;X;Y;Z;X;Y;Z;X;Y;Z;X;Y;Z;X;Y;Z;X;Y;Z;X;Y;Z;X;Y;Z;X;Y;Z;
-0.1059383;0.03771943;1.748556;-0.08639228;0.3341513;1.748862;-0.06786364;0.617752;1.737586;-0.09211207;0.7424541;1.727932;-0.2393353;0.5003008;1.752361;-0.2893073;0.2822307;1.742544;-0.3028415;0.07520684;1.689729;-0.2935761;0.006508552;1.682534;0.03900251;0.5088652;1.703902;0.1180388;0.5339794;1.519672;0.09941643;0.3532753;1.560622;0.1048027;0.3362567;1.617318;-0.1686008;0.03734746;1.721267;-0.1885522;-0.3384729;1.761823;-0.1822409;-0.6501124;1.755562;-0.1931821;-0.7086341;1.663675;-0.03924244;0.03684134;1.707768;-0.0002433127;-0.2969909;1.761661;-0.01516871;-0.623251;1.78873;-0.0133124;-0.6861372;1.686167;-0.07234911;0.5487086;1.742323;-0.2823744;-0.0713564;1.669574;-0.2497616;0.01713426;1.657968;0.1008211;0.3005559;1.649355;0.06165234;0.3565172;1.612368;
-0.1058841;0.03789413;1.748681;-0.08650994;0.3341644;1.748966;-0.06829089;0.6174829;1.737811;-0.09209235;0.7423929;1.72775;-0.2393384;0.5002899;1.752313;-0.2893102;0.2822624;1.742224;-0.3028911;0.07518139;1.689693;-0.2941936;0.006458428;1.681312;0.03869659;0.5125799;1.705625;0.1224181;0.4547753;1.535346;0.1019513;0.3036778;1.633594;0.07417674;0.2822828;1.68146;-0.1685419;0.03751098;1.721227;-0.1888909;-0.3400021;1.762048;-0.1822167;-0.6498018;1.755657;-0.193957;-0.7087096;1.665863;-0.0391699;0.03705657;1.708176;-0.0003444649;-0.2969542;1.761659;-0.01515412;-0.6226194;1.788459;-0.01324211;-0.6858347;1.68623;-0.07269748;0.5485281;1.742516;-0.2883618;-0.06806501;1.669374;-0.2537943;-0.00432275;1.66029;0.06042273;0.2023805;1.697287;0.0411385;0.3036218;1.685372;
-0.1058732;0.03812361;1.748802;-0.08663894;0.334242;1.749035;-0.06856195;0.6174222;1.737881;-0.09208712;0.7423222;1.727587;-0.2394156;0.5003281;1.752172;-0.2893957;0.282521;1.741998;-0.3029481;0.07517706;1.689657;-0.2940845;0.00626476;1.68158;0.03880509;0.5132067;1.705907;0.1206647;0.5310466;1.526951;0.09559592;0.3504002;1.56492;0.1004886;0.3347604;1.621791;-0.16852;0.03776239;1.721142;-0.1890125;-0.3396109;1.761971;-0.182324;-0.649275;1.756302;-0.1953184;-0.7086437;1.670435;-0.03915923;0.03731541;1.708593;-0.0004580456;-0.2968017;1.761787;-0.0151365;-0.622676;1.788455;-0.01292906;-0.6858109;1.68615;-0.07293986;0.5485033;1.742588;-0.2834846;-0.07050685;1.663399;-0.2516048;0.005433097;1.659384;0.0948743;0.2976573;1.65459;0.05832689;0.3605588;1.612929;
-0.1057815;0.03849725;1.74985;-0.08702718;0.3342622;1.749656;-0.06930538;0.6170107;1.738266;-0.09121509;0.7419568;1.726976;-0.2394255;0.5003017;1.751793;-0.2897546;0.2830634;1.741032;-0.3033616;0.07536402;1.689277;-0.2948501;0.005871806;1.683076;0.04007407;0.5151404;1.708622;0.1217966;0.5290239;1.529456;0.09531073;0.3485908;1.566396;0.1013717;0.334527;1.628501;-0.1684389;0.03791852;1.721183;-0.1892318;-0.3400178;1.762314;-0.1822765;-0.6485134;1.757105;-0.198083;-0.7097236;1.672525;-0.03911791;0.03784063;1.711544;-0.0008135886;-0.2970532;1.762422;-0.01534885;-0.6225158;1.788939;-0.01258879;-0.685425;1.686409;-0.07362568;0.5481848;1.743037;-0.2849327;-0.07080354;1.671898;-0.2509595;0.01201303;1.659462;0.09373867;0.2976732;1.662337;0.05890044;0.3604046;1.624077;
-0.1057545;0.03844702;1.749996;-0.08709061;0.3341954;1.749766;-0.06941994;0.6169002;1.738355;-0.0911744;0.7417805;1.726886;-0.2394422;0.5002339;1.751611;-0.2898747;0.283087;1.740768;-0.3033797;0.07534873;1.68915;-0.2947887;0.006213036;1.680549;0.04070538;0.5139755;1.709578;0.1287405;0.456827;1.541816;0.1067447;0.2993303;1.657449;0.07200122;0.275969;1.698604;-0.1684346;0.03790966;1.721184;-0.1893425;-0.3400247;1.762307;-0.1826031;-0.6474096;1.757352;-0.1984111;-0.7097434;1.672633;-0.0390532;0.03772595;1.71186;-0.0009703358;-0.2970127;1.762559;-0.0152518;-0.6226802;1.788753;-0.012583;-0.6855459;1.686179;-0.07373632;0.5480795;1.743134;-0.2890445;-0.06768419;1.667817;-0.2506352;0.01072774;1.658109;0.06309213;0.1973672;1.702521;0.0428711;0.2938253;1.700679;
-0.1057211;0.03873033;1.751282;-0.08749542;0.3341238;1.750643;-0.07011729;0.6164493;1.73898;-0.09076158;0.741645;1.726532;-0.2393201;0.5001616;1.750966;-0.2902374;0.282534;1.740151;-0.3035169;0.07535744;1.689134;-0.2948395;0.006900623;1.682528;0.04191956;0.514128;1.712005;0.1303339;0.456228;1.544827;0.107482;0.2988222;1.663312;0.07073016;0.2746902;1.704302;-0.1684274;0.03813592;1.721447;-0.1898156;-0.3394629;1.762242;-0.1828507;-0.6464549;1.758971;-0.1987291;-0.7092626;1.676384;-0.03896636;0.03786445;1.714061;-0.001521226;-0.2972632;1.763234;-0.01550692;-0.6214185;1.790044;-0.01403711;-0.6848349;1.687979;-0.07437603;0.5477104;1.743821;-0.2897933;-0.06807827;1.676648;-0.2542441;-0.004005234;1.660387;0.06250053;0.2006668;1.708267;0.04206465;0.2920278;1.705182;
-0.1055017;0.0393949;1.752275;-0.08760399;0.3343201;1.751216;-0.07034811;0.6163751;1.739314;-0.09066759;0.7418001;1.726497;-0.2393335;0.5001714;1.750963;-0.2903336;0.2824342;1.740169;-0.3036889;0.07517004;1.689447;-0.2952898;0.006298371;1.685392;0.04262416;0.5202324;1.714802;0.128229;0.4567522;1.548121;0.1042441;0.3144928;1.655902;0.07340597;0.289858;1.693926;-0.1681736;0.03861303;1.722008;-0.1900322;-0.3394569;1.762585;-0.1829996;-0.645726;1.759621;-0.1987522;-0.7092231;1.676365;-0.03883053;0.03861661;1.715225;-0.002113276;-0.2992308;1.764857;-0.01554926;-0.6228237;1.790412;-0.01357502;-0.685487;1.687599;-0.07458571;0.5476884;1.744197;-0.2912557;-0.06610019;1.675827;-0.2487809;0.01730218;1.659708;0.05904756;0.2122874;1.71588;0.1388061;0.2992542;1.68225;
-0.1054978;0.03933029;1.752543;-0.08767332;0.3342494;1.751385;-0.07044113;0.6162804;1.739392;-0.09062175;0.7417321;1.726398;-0.2393051;0.5001844;1.750872;-0.290493;0.282351;1.740065;-0.3038099;0.07496198;1.689465;-0.2950129;0.006241373;1.68281;0.04285753;0.5196406;1.715474;0.1279964;0.4567;1.548334;0.09735873;0.3104995;1.649915;0.06672218;0.2830571;1.689888;-0.1681735;0.03859664;1.722042;-0.1901136;-0.3395321;1.762664;-0.1831357;-0.6463831;1.758766;-0.1989543;-0.7092847;1.676643;-0.03880748;0.03850699;1.715723;-0.00212013;-0.2988679;1.764831;-0.01549918;-0.622191;1.790627;-0.01309338;-0.6846933;1.687645;-0.0746789;0.5475965;1.744297;-0.2847227;-0.0692245;1.670635;-0.2518985;-0.002540159;1.6594;0.05755687;0.2063381;1.70756;0.1383045;0.2952063;1.681255;
-0.105756;0.03948848;1.753955;-0.08824639;0.3340972;1.752525;-0.07139411;0.6156858;1.740333;-0.09041408;0.7416599;1.726229;-0.2394316;0.5001199;1.75088;-0.2907709;0.2829719;1.740557;-0.3043079;0.07472282;1.690082;-0.2953282;0.007312082;1.685853;0.04279942;0.5185298;1.715844;0.12584;0.454982;1.548009;0.09226102;0.3067712;1.645925;0.0635666;0.2788172;1.689972;-0.1682993;0.03882717;1.722887;-0.1904561;-0.3393985;1.76291;-0.1827301;-0.6474929;1.75767;-0.2032857;-0.7091178;1.678214;-0.03913566;0.03855694;1.717309;-0.002737158;-0.299051;1.765722;-0.01504193;-0.6236339;1.789455;-0.01583596;-0.6859776;1.686326;-0.07554134;0.5471105;1.745283;-0.2838549;-0.06938913;1.670879;-0.2521186;0.01400663;1.661635;0.05452;0.2018397;1.704341;0.1398327;0.3001779;1.674739;
-0.1058493;0.03950551;1.754369;-0.08838898;0.3341269;1.75276;-0.07150974;0.6157093;1.740404;-0.09042027;0.741645;1.726214;-0.2394628;0.5001017;1.75096;-0.2908866;0.2830079;1.740664;-0.3046719;0.07499459;1.690464;-0.2957622;0.006285999;1.686488;0.04267276;0.5185521;1.716048;0.1260179;0.5221033;1.537347;0.09665576;0.3290512;1.628096;0.0725192;0.2959838;1.683447;-0.1683491;0.03885331;1.723117;-0.1904218;-0.3394221;1.763013;-0.1826627;-0.6475928;1.758003;-0.2035359;-0.70944;1.677329;-0.03925961;0.03856101;1.717824;-0.002827392;-0.2990822;1.76581;-0.01512755;-0.6236418;1.789344;-0.01497019;-0.6860631;1.686288;-0.0756697;0.5471337;1.745388;-0.2876061;-0.06792384;1.674506;-0.2541462;0.005371411;1.66382;0.05279379;0.2125137;1.708251;0.1408063;0.3059476;1.667778;
-0.1061243;0.03930022;1.754577;-0.08853781;0.3339759;1.752908;-0.07153933;0.615607;1.740469;-0.0904196;0.741524;1.726124;-0.2394737;0.5000865;1.75098;-0.2909837;0.2831004;1.740767;-0.3048531;0.07489502;1.690717;-0.2964947;0.00698852;1.685963;0.04092609;0.5140156;1.71111;0.1261859;0.4499982;1.544731;0.09025921;0.3044575;1.645186;0.05951012;0.2772033;1.688364;-0.1685473;0.03873149;1.723215;-0.190499;-0.3390926;1.762944;-0.1827662;-0.6479453;1.757177;-0.2031702;-0.7092939;1.67767;-0.0395834;0.03828428;1.718098;-0.002851737;-0.2975995;1.765246;-0.01524052;-0.623073;1.789344;-0.01495357;-0.6857013;1.686488;-0.07572722;0.5470169;1.745473;-0.2902263;-0.06479881;1.672518;-0.2520407;0.009067347;1.660613;0.05440613;0.2024073;1.703121;0.1389998;0.300343;1.678232;
-0.1063239;0.03931772;1.755089;-0.08865452;0.3340359;1.753295;-0.07155208;0.615675;1.740682;-0.09032271;0.7415203;1.72614;-0.2395047;0.5003862;1.751343;-0.2911579;0.2831425;1.741072;-0.3051214;0.07494625;1.691087;-0.2965293;0.007161527;1.687811;0.04136986;0.5138639;1.712375;0.1257459;0.4503698;1.545318;0.09004181;0.3034717;1.64412;0.05997299;0.2776765;1.690302;-0.168702;0.03879159;1.723651;-0.1907233;-0.3392266;1.763212;-0.1825142;-0.6491031;1.75663;-0.2027776;-0.7092631;1.677967;-0.03980185;0.03825967;1.718591;-0.002933683;-0.2975473;1.76537;-0.0151583;-0.6226981;1.78943;-0.01465456;-0.6855487;1.686796;-0.07576654;0.5470822;1.745728;-0.290567;-0.06780493;1.680539;-0.252183;0.007480809;1.661526;0.05416949;0.2015613;1.705298;0.1395099;0.2999047;1.6826;
-0.1065793;0.03872969;1.755475;-0.08884025;0.3338082;1.753541;-0.07164113;0.6156461;1.740788;-0.09028377;0.7414454;1.726135;-0.2395756;0.5003482;1.751203;-0.2912338;0.2833487;1.741353;-0.3052843;0.07502473;1.691266;-0.2964894;0.007242937;1.687058;0.04102214;0.5100625;1.7106;0.1274045;0.4503057;1.543236;0.08958664;0.3037351;1.641796;0.05981569;0.2765766;1.688782;-0.1689533;0.03830973;1.723971;-0.1909089;-0.3395088;1.763285;-0.1826126;-0.6490359;1.756635;-0.2024349;-0.7090893;1.677652;-0.04003689;0.03761351;1.718977;-0.002974161;-0.2976172;1.765419;-0.01528327;-0.6228552;1.789645;-0.01430739;-0.685499;1.686802;-0.07588201;0.547015;1.745866;-0.2899925;-0.06805875;1.680548;-0.2551404;0.004698758;1.66476;0.05331064;0.2009422;1.70334;0.138117;0.2979269;1.676287;
-0.1066312;0.03724319;1.756874;-0.08939276;0.3327313;1.754634;-0.0725107;0.6148958;1.741547;-0.08986689;0.7407647;1.726262;-0.2397615;0.5000715;1.751226;-0.2914938;0.2827022;1.741898;-0.305752;0.07494521;1.691921;-0.2963293;0.007918993;1.688167;0.04347065;0.5065276;1.714408;0.1298934;0.4353049;1.541767;0.09211321;0.2908072;1.642653;0.06080341;0.2639527;1.692948;-0.1688815;0.03701545;1.725029;-0.1913001;-0.3412336;1.763816;-0.1826539;-0.6508073;1.751591;-0.2019769;-0.7092395;1.675223;-0.04022867;0.03602495;1.720621;-0.003438189;-0.3003067;1.766538;-0.01533938;-0.6227632;1.78947;-0.01324707;-0.6853816;1.68662;-0.07669564;0.5461763;1.746714;-0.2875869;-0.06794162;1.677321;-0.2525081;0.009322233;1.662229;0.05509152;0.1900108;1.698865;0.07102211;0.1770753;1.675;
-0.1069879;0.03471218;1.75936;-0.09132367;0.3306794;1.757037;-0.07614382;0.6132563;1.743865;-0.08886904;0.7395652;1.726755;-0.2408591;0.4988001;1.75231;-0.2926534;0.27774;1.74366;-0.3060888;0.07405854;1.692789;-0.2967753;0.008602733;1.689918;0.04664239;0.5021032;1.71894;0.1275737;0.3352326;1.59935;0.0823779;0.2169504;1.723266;0.04950129;0.1821505;1.702015;-0.1689002;0.03474439;1.727069;-0.191925;-0.3425851;1.764482;-0.1825262;-0.6499212;1.75478;-0.2019685;-0.7091844;1.675035;-0.04093193;0.03331643;1.723535;-0.004549237;-0.3084987;1.769836;-0.01665211;-0.625425;1.790278;-0.01315953;-0.6861381;1.685611;-0.07989921;0.5444149;1.749065;-0.2889009;-0.06834094;1.680779;-0.2544606;0.00368681;1.665457;0.06573372;0.1100975;1.704642;0.02652556;0.1598478;1.652545;
-0.1069077;0.03394835;1.760076;-0.09255262;0.3299361;1.757993;-0.07949095;0.6125793;1.745134;-0.0885141;0.7387108;1.727143;-0.2415661;0.4983176;1.752762;-0.2934974;0.2759274;1.743685;-0.3061317;0.07313987;1.693007;-0.296901;0.007546069;1.687984;0.04877363;0.5007871;1.72209;0.1021052;0.2818328;1.61923;0.156133;0.2976207;1.43503;0.1435964;0.2958997;1.467396;-0.1687615;0.03402448;1.727582;-0.1918845;-0.3424565;1.764415;-0.1823575;-0.6489694;1.756273;-0.2019283;-0.7091709;1.675268;-0.04091595;0.03255105;1.724421;-0.005273678;-0.3093384;1.77012;-0.01635898;-0.6246983;1.790013;-0.01283651;-0.6860471;1.685962;-0.08266276;0.5436954;1.75027;-0.2912146;-0.06791894;1.679376;-0.2525181;0.01263113;1.662972;0.1601571;0.3169545;1.385719;0.1806768;0.2740123;1.423643;
-0.106762;0.03362673;1.760335;-0.09299646;0.3296854;1.758305;-0.08089174;0.6124071;1.745552;-0.0884141;0.7383255;1.727425;-0.241836;0.4980908;1.753042;-0.2940722;0.2744914;1.743645;-0.3061622;0.07300607;1.693097;-0.2965596;0.008177792;1.68782;0.04962714;0.5002443;1.723244;0.1004658;0.2838654;1.626531;0.1622012;0.2582263;1.421909;0.1490752;0.2591606;1.45718;-0.1686081;0.03364509;1.727842;-0.1918282;-0.3427907;1.764552;-0.1821157;-0.651122;1.754538;-0.2024846;-0.7093804;1.676473;-0.04078393;0.03230084;1.724653;-0.00542811;-0.3094884;1.770278;-0.01620398;-0.6244876;1.789964;-0.01273177;-0.6859645;1.686034;-0.08380229;0.5434892;1.750669;-0.2893226;-0.06773508;1.679177;-0.2524921;0.009647096;1.66238;0.1786452;0.2514557;1.392548;0.1774779;0.215172;1.45175;
-0.1065883;0.03333779;1.760627;-0.09322134;0.3294564;1.758564;-0.08144595;0.6122018;1.745781;-0.08839577;0.7381201;1.727535;-0.2420879;0.4977891;1.753108;-0.2943196;0.2737334;1.743621;-0.3061786;0.07295886;1.693081;-0.2965361;0.00754407;1.68773;0.05024564;0.499787;1.724059;0.05797582;0.2913291;1.722717;0.1265973;0.2432169;1.524341;0.1423229;0.2305996;1.473839;-0.1684299;0.0333536;1.728109;-0.192019;-0.3429361;1.76452;-0.1825671;-0.6506891;1.754456;-0.1908218;-0.7094381;1.66077;-0.04062296;0.0320325;1.724947;-0.005918649;-0.3115175;1.771106;-0.016174;-0.6244232;1.789976;-0.01261535;-0.6859391;1.686088;-0.08428401;0.5432765;1.75091;-0.2856882;-0.06810509;1.673489;-0.2528104;0.0064993;1.662349;0.1497604;0.2047797;1.418262;0.1682863;0.1674757;1.4596;
-0.1065049;0.0331563;1.760711;-0.09354638;0.3292523;1.758684;-0.08238348;0.6119773;1.745898;-0.08872891;0.7375945;1.727767;-0.2425956;0.4975812;1.753397;-0.2945013;0.2727021;1.743311;-0.3060593;0.07250586;1.693038;-0.2961771;0.007092653;1.686277;0.05098965;0.4989998;1.72472;0.06145846;0.2944257;1.714537;0.1334052;0.2026546;1.50353;0.1389859;0.1953451;1.483537;-0.1683488;0.03316896;1.72821;-0.1919491;-0.3428607;1.764451;-0.1826319;-0.650655;1.754187;-0.1919626;-0.7085984;1.666688;-0.04053907;0.03186192;1.725003;-0.006102283;-0.3126444;1.771433;-0.01607812;-0.6244575;1.789546;-0.01213795;-0.6859924;1.6857;-0.08506984;0.5430508;1.751033;-0.2880189;-0.06790896;1.675391;-0.2524272;0.01103559;1.661819;0.1417221;0.1570178;1.436517;0.1195332;0.1431818;1.4912;
-0.1062889;0.03306503;1.760801;-0.09365002;0.3291311;1.758792;-0.08284513;0.6117257;1.746078;-0.08887988;0.737442;1.727931;-0.2429434;0.4973317;1.753524;-0.2946906;0.2724115;1.743323;-0.3060724;0.07244358;1.693059;-0.296048;0.007651962;1.687889;0.05118324;0.4989745;1.724955;0.08193451;0.2923354;1.706103;0.1240676;0.1671569;1.550226;0.1264925;0.1205468;1.513404;-0.1681346;0.03306264;1.728251;-0.1920854;-0.342917;1.764431;-0.1831383;-0.6486791;1.755628;-0.1927088;-0.708349;1.669242;-0.04032156;0.03178709;1.725135;-0.00632613;-0.3128005;1.771575;-0.01607988;-0.6235842;1.789649;-0.0121101;-0.6854626;1.68613;-0.08543932;0.5428352;1.751196;-0.2901871;-0.06788008;1.681067;-0.2544335;0.01360097;1.666104;0.1169699;0.07026301;1.476318;0.09510236;0.08908305;1.5698;
-0.106131;0.03304387;1.760876;-0.09381682;0.3290585;1.758867;-0.08357206;0.6115243;1.746145;-0.08901252;0.7371163;1.727947;-0.2434799;0.4968645;1.753672;-0.294793;0.2721498;1.743259;-0.3060792;0.07222296;1.693095;-0.2967489;0.006997504;1.687123;0.05630716;0.4990359;1.732959;0.0850695;0.2903119;1.704909;0.123667;0.1636197;1.553989;0.1210887;0.1036951;1.53225;-0.1679905;0.03301719;1.72829;-0.1920752;-0.3429084;1.764425;-0.1830024;-0.6490254;1.755553;-0.1937771;-0.7087293;1.670426;-0.04014851;0.03179405;1.725244;-0.006603995;-0.3132858;1.771871;-0.01624332;-0.6240383;1.789291;-0.01198656;-0.6858184;1.6857;-0.08601918;0.5426704;1.751274;-0.2908319;-0.06747217;1.676504;-0.2537988;0.008733493;1.66379;0.1133304;0.04529376;1.497849;0.07852719;0.1150515;1.583625;
-0.105558;0.03266464;1.760914;-0.09413524;0.3287324;1.75886;-0.08495672;0.6110311;1.745929;-0.08902925;0.7368203;1.727845;-0.2436597;0.4965225;1.753686;-0.2951376;0.2713369;1.743235;-0.3060296;0.07180803;1.693159;-0.2961309;0.007660178;1.68758;0.05727818;0.4984941;1.733851;0.08933952;0.2854644;1.703786;0.1173654;0.1328523;1.583992;0.1133447;0.06141325;1.569113;-0.1673877;0.0325809;1.728202;-0.1923009;-0.3422578;1.764161;-0.1828712;-0.6489345;1.755859;-0.195359;-0.7080848;1.671986;-0.03960652;0.03147558;1.725386;-0.007033875;-0.3145161;1.772302;-0.01640121;-0.6240053;1.789292;-0.01191058;-0.6857166;1.685645;-0.08712853;0.542214;1.751122;-0.2875006;-0.06834929;1.678783;-0.2530886;0.01206693;1.662424;0.1028778;-0.004118526;1.549333;0.0819632;0.05875719;1.553091;
-0.1054922;0.03243818;1.760933;-0.09445226;0.3284062;1.75879;-0.08559301;0.610667;1.745655;-0.08904704;0.7364869;1.727548;-0.2439236;0.496298;1.753526;-0.2954398;0.2709874;1.743162;-0.3060324;0.07179169;1.693149;-0.296255;0.00788186;1.687564;0.05949742;0.4969468;1.736115;0.09358081;0.2755032;1.702897;0.1085899;0.09831868;1.622599;0.1084583;0.03681481;1.605637;-0.1673311;0.03244837;1.728162;-0.1923277;-0.3421132;1.764037;-0.1829208;-0.6478463;1.756644;-0.1960818;-0.7078324;1.672094;-0.03953195;0.03111773;1.725489;-0.007508684;-0.3153125;1.772429;-0.01654897;-0.6245704;1.789186;-0.01202617;-0.6858854;1.685156;-0.08770655;0.5418537;1.750901;-0.2878902;-0.06801445;1.67909;-0.2526596;0.009183364;1.661815;0.09452735;-0.03360179;1.594877;0.07313112;0.02935725;1.600211;
-0.1054673;0.032313;1.760873;-0.09457877;0.3282386;1.758697;-0.08571302;0.6105289;1.745526;-0.08908983;0.736026;1.727417;-0.2443284;0.4960918;1.753361;-0.2959501;0.2702868;1.742941;-0.306039;0.07169024;1.693125;-0.2970009;0.007982954;1.687528;0.0609273;0.4963069;1.737628;0.09562121;0.2709177;1.703187;0.1086035;0.09668113;1.625697;0.108078;0.03849465;1.621529;-0.1673113;0.03233194;1.728042;-0.1926343;-0.3427254;1.76404;-0.1827716;-0.6494548;1.75525;-0.1967846;-0.7079568;1.673701;-0.03950074;0.03097747;1.725468;-0.007573775;-0.3153596;1.77238;-0.01654155;-0.624507;1.789191;-0.01213021;-0.6860619;1.685393;-0.08784224;0.541707;1.750776;-0.2942533;-0.06477815;1.680227;-0.2526796;0.01108575;1.662156;0.09558996;-0.03458576;1.607508;0.07157997;0.02977204;1.622636;
-0.1054222;0.03213407;1.76082;-0.09452228;0.3281663;1.75863;-0.08537386;0.6105575;1.745322;-0.08929459;0.7354832;1.727113;-0.2445007;0.4959251;1.753323;-0.2962614;0.2692759;1.742584;-0.3060594;0.0716873;1.693078;-0.2971066;0.008198502;1.687609;0.06168291;0.4957838;1.738361;0.09765505;0.266508;1.703689;0.1077379;0.08715148;1.634563;0.1076744;0.03549054;1.634353;-0.1672793;0.03213853;1.727934;-0.1926646;-0.3426784;1.764007;-0.1827084;-0.6497375;1.755212;-0.1980098;-0.7080471;1.674376;-0.03944466;0.03081454;1.725454;-0.00764594;-0.3153805;1.772376;-0.01670369;-0.6245899;1.789069;-0.01201054;-0.6861417;1.685288;-0.08762064;0.5416997;1.750622;-0.2930525;-0.06497534;1.679225;-0.2525843;0.01123011;1.661584;0.0966147;-0.04108566;1.62361;0.07115101;0.05633321;1.650167;
-0.1052005;0.03196065;1.760799;-0.09487922;0.3279263;1.758363;-0.08653294;0.6102724;1.744398;-0.08928173;0.7346929;1.725957;-0.2448105;0.4961667;1.752174;-0.2968492;0.2681058;1.742029;-0.3062005;0.07157661;1.692877;-0.2982397;0.008758822;1.687073;0.06250283;0.4951014;1.739271;0.1011284;0.2587342;1.706717;0.1093235;0.07887025;1.649581;0.1116631;0.02913307;1.652839;-0.1670281;0.03195081;1.727767;-0.1925809;-0.3421929;1.763698;-0.1828711;-0.6491281;1.756823;-0.1995119;-0.7081373;1.676814;-0.03923395;0.0306331;1.725559;-0.007721361;-0.3154203;1.772393;-0.01708652;-0.6248348;1.789542;-0.01272123;-0.6860518;1.685408;-0.08857266;0.5414233;1.749879;-0.2951405;-0.06486336;1.68161;-0.2523999;0.009762351;1.660231;0.0980152;-0.04811634;1.645353;0.07599873;0.04909568;1.656555;
-0.1051029;0.03191559;1.760911;-0.09497207;0.3278677;1.75832;-0.08686436;0.6101573;1.744036;-0.08932849;0.7345088;1.725636;-0.2447457;0.4964338;1.751471;-0.2971243;0.2679634;1.741814;-0.3063197;0.07158366;1.692864;-0.298216;0.008076638;1.687218;0.05991639;0.4955868;1.735278;0.1016527;0.2580459;1.707657;0.1100155;0.07767552;1.652257;0.1130436;0.02737124;1.653887;-0.1669634;0.03191381;1.727806;-0.1926817;-0.3418184;1.763649;-0.182947;-0.6498812;1.756276;-0.1996465;-0.7082585;1.67694;-0.03910359;0.03059107;1.725776;-0.007775285;-0.3149259;1.772384;-0.01706045;-0.6234983;1.789999;-0.01282628;-0.6850597;1.68617;-0.0888448;0.5413243;1.749615;-0.2948661;-0.06472282;1.679438;-0.2525876;0.006428627;1.660692;0.100445;-0.04913337;1.646332;0.07779684;0.06300194;1.661091;
-0.1050542;0.03176701;1.760855;-0.09572522;0.3273812;1.757287;-0.08833134;0.6094865;1.74146;-0.0892807;0.7333025;1.722775;-0.2447979;0.4969102;1.748423;-0.2988246;0.2671202;1.737933;-0.3069016;0.07171334;1.6915;-0.3003897;0.007454529;1.681925;0.06170092;0.4941339;1.737643;0.1025642;0.2583041;1.709087;0.112522;0.07845569;1.651307;0.118325;0.03067291;1.633987;-0.1669324;0.0317178;1.727287;-0.1931145;-0.3412649;1.762976;-0.1830445;-0.648102;1.757943;-0.2006335;-0.7081366;1.677635;-0.03899566;0.0303542;1.726111;-0.008642179;-0.3142171;1.772149;-0.01726773;-0.623314;1.78989;-0.01268763;-0.684836;1.686038;-0.09017253;0.5407058;1.747431;-0.2975877;-0.06412144;1.673439;-0.2549282;0.009657498;1.659459;0.106862;-0.04713231;1.620531;0.09258869;0.03077303;1.6624;
-0.1050581;0.03176665;1.760854;-0.09610868;0.3273955;1.756956;-0.08905772;0.6095866;1.740634;-0.0893154;0.7333601;1.721813;-0.2448134;0.4972059;1.747675;-0.2995067;0.266669;1.7367;-0.3072415;0.07159538;1.690963;-0.3001508;0.00711741;1.681869;0.06183746;0.493976;1.738142;0.1028189;0.2593001;1.709987;0.1130149;0.0799623;1.650175;0.1184873;0.03451164;1.629554;-0.1669603;0.03172583;1.727231;-0.1932976;-0.3410418;1.762737;-0.1830037;-0.6484009;1.757355;-0.2008092;-0.7081633;1.677425;-0.0390001;0.03035205;1.726145;-0.008895152;-0.3147246;1.772499;-0.0173603;-0.6237681;1.789629;-0.01257464;-0.6852341;1.685745;-0.09082582;0.5407867;1.746726;-0.2916267;-0.06894257;1.677753;-0.2556493;0.006386509;1.659858;0.1075787;-0.04415007;1.613569;0.08239155;0.04569278;1.6587;
-0.1050315;0.03162671;1.760752;-0.09648854;0.3272388;1.756304;-0.08980307;0.6096051;1.739288;-0.08930244;0.7328244;1.720744;-0.2460558;0.495585;1.744106;-0.3001555;0.266145;1.734955;-0.3078742;0.07168674;1.689804;-0.3008876;0.007298651;1.679591;0.0618976;0.4937927;1.738232;0.1028646;0.2595256;1.710032;0.1133231;0.08083045;1.647855;0.1190441;0.03813769;1.622615;-0.1669439;0.03155275;1.72692;-0.1935393;-0.3413452;1.762594;-0.1828609;-0.6484264;1.757744;-0.2004346;-0.7080901;1.676906;-0.03896894;0.03023274;1.726153;-0.009212728;-0.3147395;1.772403;-0.01740162;-0.6238204;1.789511;-0.01255498;-0.6853127;1.685658;-0.09148733;0.5407555;1.745552;-0.2933415;-0.06777632;1.674813;-0.2563409;0.006379561;1.658866;0.1099945;-0.03931595;1.603811;0.08614016;0.05307215;1.632385;
-0.1050906;0.03158155;1.760711;-0.09695272;0.3271191;1.755875;-0.09043726;0.6094756;1.738534;-0.08920936;0.7326694;1.719789;-0.2471381;0.4955296;1.74284;-0.3007273;0.2659756;1.734049;-0.3086836;0.07229343;1.688296;-0.3010488;0.007299021;1.679172;0.061914;0.4935502;1.738407;0.1027478;0.2599344;1.710182;0.1138428;0.0820719;1.645228;0.1185974;0.03852296;1.619221;-0.1670795;0.03148461;1.72668;-0.1937658;-0.3418448;1.762328;-0.1828986;-0.6481501;1.757995;-0.200942;-0.7082385;1.678178;-0.0390121;0.03019265;1.726199;-0.009530541;-0.3156247;1.772653;-0.01745704;-0.6238008;1.789539;-0.0126477;-0.6853988;1.685789;-0.09209431;0.5406322;1.744869;-0.2931939;-0.06758969;1.675385;-0.2583813;0.004879686;1.659091;0.1097296;-0.03705155;1.599363;0.08206598;0.05767417;1.64325;
-0.1050965;0.03156614;1.760663;-0.09723879;0.3270538;1.755459;-0.0908916;0.6093721;1.737798;-0.0892647;0.7325468;1.718962;-0.2480581;0.4953029;1.741436;-0.3013302;0.2659773;1.733124;-0.3091262;0.07232378;1.687597;-0.3018947;0.008819644;1.679395;0.06186884;0.4934767;1.738456;0.1024712;0.2602461;1.710136;0.1136631;0.08280611;1.643702;0.1172119;0.03936239;1.617379;-0.1671007;0.03150997;1.726475;-0.1939304;-0.3410535;1.761914;-0.1828733;-0.6481523;1.758138;-0.2017858;-0.7081915;1.68008;-0.03901275;0.03016903;1.726206;-0.009741937;-0.3156103;1.772692;-0.01750508;-0.6237659;1.789531;-0.01299892;-0.6853856;1.685785;-0.09251545;0.5405434;1.744204;-0.2984113;-0.06450479;1.673766;-0.2553599;0.01004253;1.656557;0.108125;-0.0364949;1.594999;0.08313791;0.05139793;1.641947;
-0.1058063;0.0313915;1.759811;-0.09893283;0.3269686;1.752906;-0.09283604;0.6095214;1.733765;-0.09122764;0.7322856;1.714788;-0.249415;0.4953491;1.739819;-0.303019;0.2649382;1.730554;-0.3107313;0.07256225;1.685636;-0.3042272;0.007710032;1.677431;0.06124136;0.4931871;1.73777;0.1007381;0.2612528;1.709058;0.1123377;0.08510111;1.638547;0.1129218;0.04178788;1.615492;-0.1679434;0.0313789;1.725181;-0.1948301;-0.3405713;1.760807;-0.1836099;-0.6470237;1.758863;-0.2014625;-0.707686;1.672653;-0.03955819;0.03001529;1.72575;-0.01037979;-0.3158368;1.772576;-0.01745039;-0.6232547;1.789396;-0.01332432;-0.6850879;1.685833;-0.09442619;0.5406418;1.74053;-0.2996882;-0.06478625;1.67401;-0.2598129;-0.006825305;1.650938;0.1050124;-0.03563069;1.594356;0.07751267;0.04400691;1.641667;
-0.1063056;0.03144728;1.758979;-0.1001199;0.327104;1.751238;-0.09446373;0.609699;1.731489;-0.0922579;0.7319227;1.712672;-0.2516529;0.4954107;1.737012;-0.3040534;0.2649039;1.729122;-0.3112464;0.07256604;1.685043;-0.3045962;0.006815979;1.676997;0.06061216;0.493114;1.736876;0.09986047;0.2616721;1.708224;0.1118352;0.08527408;1.638331;0.1118462;0.04215077;1.615956;-0.1684628;0.03150109;1.724207;-0.1951155;-0.3388997;1.759715;-0.1836871;-0.6466058;1.758412;-0.2012053;-0.7077902;1.673432;-0.03999699;0.03003153;1.725116;-0.01087732;-0.3159499;1.772339;-0.01748541;-0.6232035;1.789393;-0.01343611;-0.6850914;1.685881;-0.09595113;0.5408185;1.738392;-0.300952;-0.06496287;1.674379;-0.2596087;0.01107545;1.650059;0.1043208;-0.03540418;1.592106;0.07774379;0.04514241;1.625364;
-0.1096417;0.0311128;1.754157;-0.1053586;0.3266453;1.744626;-0.1009462;0.6090286;1.723645;-0.09841821;0.7310007;1.703378;-0.2555315;0.4947971;1.732647;-0.3091852;0.2656199;1.724933;-0.3170831;0.07299244;1.680783;-0.3099592;0.006260752;1.673689;0.05509444;0.4920357;1.729313;0.09519371;0.2595812;1.702081;0.1078966;0.08174739;1.636152;0.1058497;0.03741472;1.623267;-0.1718723;0.0315051;1.718721;-0.1965338;-0.3380157;1.755445;-0.1826898;-0.6504642;1.753005;-0.2028244;-0.7082185;1.678269;-0.04308793;0.02946011;1.721065;-0.01344818;-0.3160802;1.769585;-0.0181569;-0.6235408;1.789277;-0.01409794;-0.6851611;1.685503;-0.1021418;0.5402218;1.730828;-0.3017851;-0.06855252;1.670158;-0.2626535;0.008828469;1.642679;0.09991187;-0.04169405;1.605071;0.06864113;0.04715436;1.638;
-0.1105343;0.03057805;1.752224;-0.106862;0.3261625;1.742304;-0.1030116;0.6085972;1.720966;-0.1004429;0.7301299;1.7011;-0.2592223;0.4936619;1.728598;-0.3109108;0.2655965;1.723187;-0.3181894;0.07290293;1.67979;-0.3122404;0.006495678;1.671025;0.05371863;0.4916979;1.727224;0.09335261;0.2587637;1.700498;0.1063622;0.08053765;1.635724;0.1039888;0.03420882;1.621756;-0.1727926;0.03090165;1.716826;-0.1972899;-0.3374298;1.752917;-0.1828724;-0.6506881;1.752827;-0.2041494;-0.7082833;1.680653;-0.04391122;0.02902884;1.719154;-0.01474019;-0.3162481;1.768217;-0.01836435;-0.6237149;1.789126;-0.01382574;-0.685324;1.685372;-0.1040657;0.5397805;1.728236;-0.3030736;-0.06758744;1.668449;-0.270709;0.01938625;1.646395;0.09805065;-0.04392729;1.605864;0.07038162;0.03113602;1.6322;
-0.1116882;0.02992729;1.750032;-0.1081758;0.3255939;1.740081;-0.1043534;0.6080933;1.718782;-0.1018462;0.7295538;1.698239;-0.261228;0.4929168;1.72561;-0.3135407;0.2660409;1.72075;-0.3194232;0.07272927;1.678524;-0.3139346;0.006571657;1.668706;0.05218415;0.4908997;1.725076;0.09190655;0.2585463;1.698986;0.1050181;0.07994571;1.63529;0.1020442;0.03353566;1.62132;-0.1740149;0.03038318;1.714448;-0.1975257;-0.3374895;1.751157;-0.1826834;-0.6504009;1.753813;-0.2041497;-0.7082843;1.680653;-0.04495504;0.02828898;1.717174;-0.016129;-0.316978;1.766597;-0.01887328;-0.62479;1.788999;-0.01463212;-0.6859788;1.684831;-0.105407;0.5392636;1.726037;-0.3040648;-0.06835888;1.665147;-0.2668253;0.02164181;1.637964;0.09524477;-0.04472743;1.604436;0.06631517;0.04216151;1.638374;
-0.1131177;0.02978928;1.747745;-0.109607;0.3254598;1.737701;-0.1056895;0.6079337;1.71635;-0.1033281;0.7295852;1.695744;-0.2639767;0.4936176;1.723767;-0.3156486;0.2664451;1.718944;-0.321497;0.07328136;1.676485;-0.3167654;0.007326184;1.666326;0.05041439;0.4909365;1.722978;0.09052642;0.2586245;1.697644;0.1034552;0.0796897;1.634842;0.1009456;0.03338237;1.620802;-0.175455;0.03033685;1.711872;-0.1981806;-0.3365706;1.748325;-0.1829772;-0.6501486;1.753235;-0.2042344;-0.70833;1.680462;-0.04631532;0.0280755;1.715185;-0.01739976;-0.317245;1.764667;-0.01913019;-0.6251117;1.788844;-0.01752484;-0.685619;1.68392;-0.1067713;0.5391141;1.723614;-0.3086685;-0.06783699;1.662749;-0.2702874;0.00459688;1.636591;0.09482604;-0.04564788;1.604784;0.06640597;0.0426043;1.6372;
-0.1166138;0.02984104;1.743483;-0.1123084;0.3252769;1.733958;-0.107633;0.6075251;1.713093;-0.1047769;0.7290422;1.692847;-0.2664075;0.494244;1.720994;-0.3179675;0.2667269;1.716382;-0.3238474;0.07369733;1.673711;-0.3186517;0.004608633;1.663424;0.04867722;0.4906786;1.720932;0.08892368;0.2581981;1.695756;0.1016229;0.07916702;1.633058;0.09875897;0.03304914;1.617003;-0.1788657;0.03061308;1.707628;-0.1987376;-0.3360081;1.74458;-0.1831251;-0.6500496;1.752646;-0.2039599;-0.7080823;1.680305;-0.0497555;0.02789763;1.710944;-0.01865474;-0.3180507;1.761942;-0.01939754;-0.6254801;1.788324;-0.0176345;-0.6860046;1.683432;-0.1088956;0.5387613;1.72024;-0.3080216;-0.06881221;1.661745;-0.2711423;0.004844352;1.63275;0.09305118;-0.04597173;1.600734;0.06378037;0.03245829;1.63;
-0.1253931;0.02943383;1.727339;-0.1220224;0.3249463;1.717486;-0.1180974;0.6070626;1.696287;-0.1129337;0.7283931;1.676996;-0.2773553;0.4945275;1.701255;-0.3303584;0.2642205;1.697341;-0.3361038;0.0737463;1.655422;-0.3304315;0.004721286;1.643519;0.03853973;0.4906357;1.710147;0.08041053;0.2592417;1.68762;0.09367475;0.07982121;1.625805;0.09163594;0.03506073;1.605909;-0.1879773;0.0307048;1.689021;-0.199363;-0.3349926;1.724607;-0.1832014;-0.651155;1.750539;-0.2038705;-0.7084478;1.678607;-0.05782982;0.02703119;1.697169;-0.03132628;-0.3236982;1.740844;-0.02134471;-0.6298965;1.785475;-0.01852971;-0.6889919;1.679353;-0.1191915;0.5383551;1.703508;-0.3205829;-0.06703796;1.638898;-0.2839804;0.01606134;1.615769;0.08759751;-0.04513982;1.585123;0.05231044;0.04607752;1.62465;
-0.1276126;0.02928182;1.72239;-0.1246249;0.3249074;1.713129;-0.1209953;0.6070876;1.692478;-0.1148473;0.7280199;1.673073;-0.2798755;0.4942213;1.696162;-0.334179;0.2635081;1.690958;-0.3395617;0.06783984;1.647356;-0.3340571;0.007356999;1.639588;0.03648264;0.4907652;1.708036;0.07721724;0.2602537;1.685921;0.09195275;0.08095319;1.623911;0.09048155;0.03508708;1.605055;-0.190321;0.0306523;1.683104;-0.1996993;-0.3346404;1.719326;-0.1833726;-0.6506351;1.750366;-0.2036224;-0.7084529;1.678099;-0.05981383;0.02679195;1.693186;-0.03493479;-0.3255778;1.733828;-0.02258769;-0.6329212;1.783856;-0.01943533;-0.6914889;1.677325;-0.1220235;0.5383687;1.699565;-0.3251951;-0.06707402;1.636118;-0.289425;-0.006678491;1.616;0.08705134;-0.0456081;1.584487;0.05602633;0.03576055;1.620375;
-0.1285695;0.0292576;1.718377;-0.1264125;0.3248515;1.708762;-0.1236647;0.6069602;1.687724;-0.1164593;0.7281688;1.668721;-0.2821371;0.4942037;1.689435;-0.3368108;0.2642896;1.684657;-0.3412535;0.06921327;1.643278;-0.3351315;0.00815932;1.633502;0.03355635;0.4914765;1.704959;0.07449264;0.2614776;1.684229;0.09029178;0.0820645;1.622732;0.09069565;0.03540535;1.603918;-0.1910512;0.03044268;1.678864;-0.1996022;-0.3369417;1.714464;-0.1838747;-0.6516381;1.74672;-0.2033448;-0.708558;1.677659;-0.06093965;0.02693058;1.689468;-0.03781734;-0.3273082;1.724309;-0.02312627;-0.6368935;1.77972;-0.01963612;-0.6951221;1.672997;-0.1244693;0.5382645;1.694908;-0.3280246;-0.06681027;1.629719;-0.2878553;0.01457218;1.608067;0.08814743;-0.04492435;1.581915;0.06759547;0.02103804;1.6199;
-0.1326178;0.0298743;1.706408;-0.132246;0.3248757;1.695671;-0.1312485;0.606231;1.673506;-0.1187649;0.7276461;1.657165;-0.2850477;0.4940686;1.67716;-0.3441757;0.2609244;1.662431;-0.3452581;0.06922593;1.625033;-0.3382747;0.005340687;1.615385;0.026776;0.4920683;1.699126;0.06979149;0.2612962;1.682115;0.08899585;0.08184414;1.621556;0.08955237;0.03122187;1.606409;-0.1954271;0.03098035;1.663847;-0.1973925;-0.3390825;1.695395;-0.1824767;-0.6559007;1.744293;-0.2037468;-0.7088098;1.677711;-0.06448472;0.02754748;1.680276;-0.0443885;-0.3256195;1.688296;-0.02383441;-0.6390826;1.775841;-0.02163718;-0.6963727;1.668204;-0.1316261;0.5377422;1.680968;-0.3348718;-0.06681047;1.611533;-0.2905451;0.01086825;1.598055;0.08828898;-0.04923524;1.583485;0.05174875;0.03955517;1.621632;
-0.1334234;0.02976257;1.702486;-0.1336128;0.3242951;1.691228;-0.1331282;0.6051313;1.668559;-0.1195301;0.7268993;1.652159;-0.2878574;0.491434;1.661832;-0.3460717;0.2607391;1.653603;-0.3461568;0.06904951;1.616637;-0.3390442;0.004581811;1.606933;0.02442689;0.4919285;1.697004;0.06788062;0.2611368;1.681973;0.08849459;0.08173522;1.62163;0.08959104;0.03096042;1.608389;-0.1961477;0.03057365;1.658995;-0.1967787;-0.3395402;1.68865;-0.1823668;-0.6560454;1.744035;-0.2057594;-0.7090415;1.677716;-0.06529231;0.02767993;1.677351;-0.04481788;-0.3239154;1.674139;-0.02506346;-0.6430241;1.770269;-0.02230652;-0.7000991;1.663027;-0.1333847;0.5367773;1.676144;-0.3361562;-0.0708179;1.606934;-0.2925853;0.01639457;1.595417;0.08794663;-0.05021412;1.585748;0.05053442;0.0411369;1.619455;
-0.1327478;0.02967679;1.699077;-0.1342457;0.3238361;1.686936;-0.1353442;0.6041952;1.662999;-0.1200971;0.7260649;1.646596;-0.2894334;0.4912284;1.653067;-0.347887;0.259259;1.641225;-0.3460817;0.06785848;1.606188;-0.339529;0.004908187;1.597673;0.02216249;0.4910054;1.694911;0.06660283;0.2605734;1.681877;0.08801147;0.08108027;1.622025;0.09079395;0.03029556;1.611021;-0.1951385;0.03001823;1.654289;-0.1957993;-0.3401487;1.683124;-0.1823087;-0.6557558;1.744287;-0.2057237;-0.7089571;1.678036;-0.06492247;0.02793826;1.675136;-0.04235204;-0.3208512;1.660095;-0.02852217;-0.6414799;1.762151;-0.02482375;-0.6999894;1.660041;-0.1351731;0.5359733;1.67093;-0.3367989;-0.07094771;1.597436;-0.2944332;0.02163622;1.596512;0.09247562;-0.04893593;1.588799;0.05082844;0.04535529;1.621875;
-0.1276614;0.0285945;1.691;-0.1328056;0.3227968;1.676347;-0.1374755;0.6032017;1.649215;-0.1176174;0.7244655;1.63285;-0.2872489;0.4893433;1.629643;-0.3473566;0.2541567;1.61194;-0.340235;0.06145889;1.576277;-0.3333093;-0.001157284;1.568375;0.02036031;0.4898545;1.692111;0.0651143;0.2591622;1.682994;0.08920124;0.07542218;1.630623;0.0947264;0.02129219;1.628255;-0.1884893;0.02756577;1.641137;-0.1930786;-0.3405576;1.675787;-0.1787329;-0.6569394;1.743161;-0.2039077;-0.7130112;1.661395;-0.06161716;0.02796274;1.671394;-0.02918155;-0.3163356;1.627642;-0.04234276;-0.6531146;1.72161;-0.0270831;-0.7052132;1.624346;-0.1363984;0.5349674;1.657989;-0.3270209;-0.07770333;1.572101;-0.2891015;0.01376454;1.575334;0.09409595;-0.0572137;1.609481;0.05265094;0.03959049;1.622014;
-0.1241163;0.02875124;1.68723;-0.1311364;0.3229346;1.671779;-0.137335;0.6033453;1.643922;-0.11597;0.7249681;1.628394;-0.2843887;0.489918;1.621268;-0.3449285;0.2522831;1.602566;-0.3367813;0.05965574;1.564695;-0.3304476;-0.001096107;1.557407;0.02010767;0.4901922;1.690673;0.0646349;0.2583957;1.68346;0.09142356;0.07134113;1.634232;0.09917935;0.01629193;1.634011;-0.1846167;0.02734857;1.636648;-0.1914146;-0.34149;1.673487;-0.1772818;-0.6574226;1.74296;-0.2022125;-0.7136146;1.658534;-0.05869786;0.02854731;1.668751;-0.02418691;-0.3141622;1.619423;-0.03760917;-0.6538563;1.696408;-0.02546102;-0.706511;1.613766;-0.1359026;0.5351119;1.652871;-0.3251337;-0.07636075;1.562338;-0.2852952;0.01955055;1.5657;0.0946891;-0.06199528;1.619605;0.07283431;-0.0008275197;1.637167;
-0.1036397;0.02531874;1.667541;-0.1119718;0.3220278;1.6453;-0.119315;0.6049886;1.611292;-0.08825;0.7272354;1.600788;-0.257151;0.4877315;1.574557;-0.319665;0.2481024;1.547141;-0.3073632;0.05559259;1.511882;-0.2965045;-0.008116829;1.5053;0.03350574;0.4871218;1.672836;0.07449438;0.2430109;1.68346;0.1113045;0.06070607;1.648521;0.1260983;0.005692867;1.647395;-0.1625177;0.0233732;1.611202;-0.1786289;-0.3345899;1.655355;-0.1775248;-0.6562929;1.73838;-0.2049775;-0.7113306;1.660302;-0.04074796;0.02614964;1.655145;-0.003981839;-0.3108895;1.588627;0.002257824;-0.6584961;1.581357;0.02919639;-0.6852529;1.475307;-0.1176428;0.5361427;1.621718;-0.2842888;-0.07994825;1.514634;-0.2580845;0.003702136;1.496493;0.1261162;-0.06722084;1.636109;0.1022482;-0.03052287;1.622714;
-0.09739312;0.0240404;1.661881;-0.105638;0.3215867;1.639338;-0.1128752;0.6052312;1.605192;-0.08090292;0.7270734;1.596329;-0.2480041;0.4854284;1.5657;-0.3122562;0.2440792;1.535574;-0.2989872;0.05452193;1.50263;-0.2881991;-0.009158339;1.497844;0.03958327;0.4869677;1.667437;0.08214085;0.2375284;1.681739;0.1178267;0.05487374;1.647998;0.1331948;0.001615409;1.645493;-0.1560522;0.02209964;1.604363;-0.1756774;-0.333997;1.651024;-0.1780429;-0.6556559;1.738472;-0.2037796;-0.710306;1.65794;-0.03491545;0.02495208;1.65069;-0.001313432;-0.3165112;1.581937;0.005024539;-0.6607326;1.571707;0.03295377;-0.6869735;1.465867;-0.111229;0.5362311;1.615638;-0.2768666;-0.08504251;1.511708;-0.2491091;0.001561123;1.490094;0.1308697;-0.0681667;1.631169;0.1064534;-0.05457094;1.62175;
-0.09104256;0.02250125;1.655086;-0.09800363;0.3208506;1.63282;-0.1037953;0.6051835;1.598981;-0.07183307;0.7276335;1.590158;-0.2379538;0.4830283;1.557276;-0.3031728;0.2409142;1.523501;-0.2883697;0.05319977;1.492283;-0.2776674;-0.01043204;1.48755;0.04529212;0.4864305;1.663763;0.08812299;0.2355823;1.679875;0.1251186;0.05321254;1.646111;0.1409853;0.0002589684;1.641326;-0.1491859;0.02064163;1.595994;-0.171809;-0.3324336;1.644358;-0.1786636;-0.6557957;1.736327;-0.1383414;-0.6928473;1.623008;-0.02928817;0.0234387;1.645442;0.0007576437;-0.3181597;1.576928;0.00581076;-0.6604062;1.568405;0.03512108;-0.6869246;1.463265;-0.1025225;0.5360222;1.609344;-0.2700197;-0.08506729;1.501703;-0.2381319;-0.001280312;1.479065;0.136738;-0.0714655;1.627241;0.1135709;-0.04030214;1.619284;
-0.04816682;0.02156852;1.622104;-0.05480527;0.3229602;1.604099;-0.06071386;0.6096709;1.574589;-0.02057488;0.7317635;1.571386;-0.1907384;0.4848378;1.523564;-0.2627296;0.2385968;1.482841;-0.2391886;0.04885546;1.453523;-0.2264957;-0.009409843;1.44934;0.08171429;0.487926;1.641145;0.1238076;0.2354995;1.657955;0.1569554;0.05245058;1.623596;0.1733038;-0.006424665;1.614808;-0.1067727;0.02073279;1.560357;-0.1461858;-0.3337103;1.609388;-0.1804231;-0.6482531;1.739296;-0.1437526;-0.6925588;1.628885;0.01236805;0.02151569;1.6153;0.005746738;-0.321293;1.565215;0.00580228;-0.6576484;1.564204;0.03844993;-0.6851725;1.460969;-0.05934507;0.5399804;1.583853;-0.2217862;-0.09646026;1.473346;-0.1851025;-0.03022415;1.435353;0.1702404;-0.07228766;1.599234;0.1427163;-0.05537595;1.582375;
-0.03489858;0.02189237;1.616158;-0.04159249;0.3236413;1.597839;-0.04771371;0.6106552;1.568089;-0.009019766;0.7323524;1.56636;-0.1776577;0.4874957;1.516302;-0.252461;0.2421122;1.474823;-0.2261264;0.04793772;1.445408;-0.2116468;-0.007180628;1.441802;0.09246023;0.4870936;1.636209;0.1330652;0.2342745;1.651941;0.1658123;0.05136865;1.61604;0.1817497;-0.003376389;1.606166;-0.09408417;0.02116729;1.554931;-0.1231483;-0.3251079;1.582333;-0.1809039;-0.6464164;1.737757;-0.1397111;-0.6887252;1.627976;0.02565299;0.02169567;1.60885;0.007179885;-0.3202772;1.563441;0.005500705;-0.6560634;1.563628;0.03878352;-0.683921;1.460847;-0.04626884;0.5408972;1.577402;-0.2025977;-0.07453547;1.453447;-0.1731657;0.004015003;1.428012;0.1759836;-0.0724526;1.590687;0.1455812;-0.02270748;1.580316;
0.007031913;0.02627964;1.590123;0.003078733;0.3250047;1.572413;-0.0005103328;0.6087708;1.543441;0.04641183;0.7266675;1.544463;-0.1378105;0.4885791;1.494029;-0.2043557;0.2424164;1.43931;-0.170353;0.04737997;1.405945;-0.1559738;-0.001859035;1.401957;0.1256498;0.4892749;1.618996;0.1666366;0.2357968;1.628805;0.1995226;0.05325559;1.590535;0.2165261;-0.002671995;1.57948;-0.05374026;0.02678955;1.526824;-0.06548987;-0.3114815;1.501665;-0.1550923;-0.6437663;1.662296;-0.1027819;-0.6954981;1.567821;0.06740503;0.02464318;1.584893;0.01915649;-0.3222958;1.546939;0.001568148;-0.6547536;1.564484;0.03511807;-0.6865782;1.464144;0.0003449586;0.5398483;1.552539;-0.1416154;-0.07410272;1.412484;-0.1226036;0.01010243;1.383106;0.2133642;-0.07302443;1.560096;0.1629284;0.02136254;1.5295;
0.02125785;0.02682658;1.58512;0.01587647;0.3251609;1.566528;0.01079295;0.6085739;1.536655;0.0589256;0.7261351;1.539715;-0.117774;0.4880722;1.482662;-0.1933244;0.2437933;1.432045;-0.1565632;0.04690114;1.396905;-0.1429987;-0.001018907;1.393477;0.1258102;0.4891323;1.618901;0.1740706;0.2365547;1.62386;0.2081906;0.05435557;1.584888;0.2248084;-0.001932519;1.572568;-0.03702937;0.02795068;1.5198;-0.054711;-0.3047653;1.4834;-0.1525152;-0.6366038;1.648608;-0.09239335;-0.6851665;1.55767;0.07880786;0.02466144;1.581629;0.02430311;-0.3207645;1.536189;-0.0007638039;-0.6556854;1.564365;0.0151788;-0.7135393;1.511331;0.01203507;0.539739;1.545979;-0.1264361;-0.07489447;1.402443;-0.1112886;-0.003138697;1.369945;0.2213227;-0.07213351;1.551761;0.1714168;0.01809833;1.52939;
0.02927015;0.02804977;1.582097;0.02410593;0.32577;1.562335;0.01916339;0.6085196;1.531129;0.07222146;0.7234951;1.534719;-0.1094271;0.4885402;1.477671;-0.1813902;0.243622;1.423846;-0.1442987;0.04642812;1.389085;-0.1310133;-0.0002899983;1.386984;0.1507776;0.4891686;1.604245;0.1821128;0.2349049;1.620244;0.2152606;0.0525911;1.580909;0.2332625;-0.002261717;1.571094;-0.03078698;0.02949492;1.516945;-0.04232032;-0.2950294;1.462816;-0.1440617;-0.6283437;1.623474;-0.08392946;-0.6866542;1.544476;0.08818017;0.02536558;1.578633;0.03155142;-0.3195313;1.530035;-0.001768896;-0.6559417;1.564165;0.01591843;-0.7132125;1.510552;0.02038467;0.5398583;1.540802;-0.1080593;-0.07349989;1.39619;-0.09509982;0.007142066;1.368644;0.2317013;-0.06945705;1.545204;0.1762961;0.02718173;1.5325;
0.03868578;0.02998909;1.578533;0.03462373;0.3266655;1.557608;0.0306902;0.6082605;1.525162;0.08170646;0.7235031;1.530471;-0.09642824;0.4901516;1.469877;-0.1697687;0.245674;1.415403;-0.1344423;0.04876952;1.383532;-0.1204386;0.001397441;1.381106;0.1564762;0.4898861;1.601491;0.1873554;0.2356182;1.61802;0.221575;0.05349673;1.578766;0.2407805;-0.0009751829;1.568419;-0.02169946;0.0313171;1.512362;-0.02895363;-0.2850193;1.446805;-0.1362036;-0.6192285;1.602896;-0.07572013;-0.6799657;1.528232;0.09737922;0.02734366;1.576125;0.05445154;-0.3164054;1.529245;-0.003995002;-0.6561578;1.563917;0.02455839;-0.7077838;1.505181;0.03167826;0.5398997;1.53515;-0.1086221;-0.07257303;1.382224;-0.08052922;0.0133781;1.368149;0.238421;-0.06760196;1.542008;0.2002639;-0.00306733;1.513091;
0.06446733;0.0324843;1.565608;0.06108957;0.3285235;1.543337;0.05756784;0.6094381;1.509607;0.1141651;0.7200123;1.514783;-0.07094127;0.4934643;1.45171;-0.1401806;0.2488893;1.390324;-0.09843279;0.05731951;1.360262;-0.08343954;0.007043581;1.358322;0.1750043;0.4914286;1.587575;0.2083993;0.2388429;1.613543;0.2412678;0.05607199;1.576855;0.2666146;0.003817906;1.572331;0.003585282;0.03252354;1.496554;0.02405299;-0.287487;1.417708;-0.09417865;-0.6088745;1.512342;-0.02407894;-0.6634849;1.444085;0.122514;0.03099207;1.566052;0.0750498;-0.3122098;1.52195;-3.629435E-05;-0.6408256;1.529777;0.02985337;-0.6887733;1.4649;0.05848974;0.5412557;1.519906;-0.06924651;-0.06294759;1.363076;-0.04432096;0.01521501;1.348147;0.2710721;-0.06128847;1.543788;0.2171679;0.002686656;1.5472;
0.09573767;0.03124505;1.546905;0.09386586;0.3283699;1.521018;0.09131087;0.610284;1.483752;0.1470463;0.716041;1.495566;-0.02736527;0.490237;1.418404;-0.102239;0.2467796;1.359366;-0.0606711;0.0546347;1.332306;-0.04978864;0.004256559;1.329127;0.2045458;0.4869125;1.571376;0.2348317;0.2355311;1.605145;0.2665055;0.05144881;1.579509;0.2908429;0.001741614;1.577867;0.03686378;0.03061002;1.473795;0.07492162;-0.2878509;1.402785;0.05312432;-0.6410811;1.412562;0.06761852;-0.6930044;1.347611;0.1501879;0.03048324;1.551528;0.02579404;-0.349384;1.498229;-0.01291947;-0.6675588;1.527088;0.02625247;-0.6961126;1.434314;0.09206143;0.5418746;1.494912;-0.03742961;-0.06854739;1.337314;-0.01114857;0.029484;1.321951;0.2897621;-0.06866623;1.5495;0.2415707;0.01784641;1.515667;
0.1063802;0.03000445;1.541098;0.1051412;0.3275856;1.513703;0.103153;0.6099199;1.474795;0.1581195;0.7167189;1.487212;-0.01553699;0.4889774;1.41005;-0.08770517;0.245105;1.349002;-0.04685654;0.05201021;1.324189;-0.03526082;0.0002918386;1.321615;0.213237;0.4826934;1.565634;0.2426794;0.232159;1.603454;0.2764325;0.04835522;1.580465;0.3007185;0.0003039421;1.580492;0.04727017;0.02932656;1.468028;0.09068015;-0.2837519;1.397763;0.1258389;-0.6152123;1.366251;0.1717166;-0.6367682;1.269899;0.1605636;0.02934754;1.545797;0.0623737;-0.3599784;1.463205;-0.009889452;-0.6760983;1.545628;0.0357197;-0.6959689;1.429479;0.1037762;0.541414;1.486374;-0.02500471;-0.0714209;1.330686;0.001538037;0.02905355;1.314862;0.2996368;-0.07056395;1.550579;0.2628238;-0.02354834;1.546556;
0.1435418;0.02152324;1.500375;0.1425193;0.3208435;1.481553;0.1402979;0.604382;1.449623;0.1988603;0.7100322;1.462178;0.02701027;0.4768467;1.377978;-0.04191656;0.2308884;1.322513;-0.001213804;0.04008206;1.296808;0.009796523;-0.01183084;1.294807;0.2473219;0.4713539;1.540733;0.2773985;0.2244614;1.591935;0.313105;0.04085247;1.580451;0.3365632;-0.005976491;1.582059;0.08467547;0.02379894;1.427674;0.1537724;-0.2731524;1.366546;0.1961709;-0.5781084;1.330747;0.243837;-0.5977283;1.235804;0.19575;0.01825118;1.504864;0.0849773;-0.3655251;1.414128;-0.0100187;-0.6769097;1.549313;0.06799316;-0.7041016;1.493164;0.1409944;0.5356216;1.459569;0.01474319;-0.08438661;1.306833;0.04830812;-0.006352596;1.28925;0.3422837;-0.07081924;1.555626;0.3308627;-0.02504601;1.535833;
0.1538543;0.02183526;1.485838;0.1446028;0.3211379;1.477463;0.1400898;0.6044582;1.449577;0.2070317;0.7013352;1.455497;0.02885375;0.4762162;1.376441;-0.02303369;0.2277137;1.313017;0.01951919;0.03316225;1.286486;0.02855145;-0.01664883;1.284921;0.2499918;0.4711761;1.538134;0.2896038;0.2258324;1.589247;0.3250601;0.04224938;1.579392;0.3513384;-0.009904072;1.582286;0.09358754;0.02393177;1.414668;0.1629047;-0.2657381;1.361036;0.205252;-0.5598897;1.325425;0.2593128;-0.6298953;1.280175;0.2069439;0.01875381;1.488833;0.09620456;-0.3584743;1.405384;-0.01074722;-0.6771649;1.550653;0.06721902;-0.7044318;1.49432;0.1409403;0.535715;1.459226;0.03504918;-0.0875563;1.297315;0.06628394;-0.01260849;1.279074;0.3583415;-0.07228022;1.558083;0.3285463;-0.07233821;1.5434;
0.1719897;0.01863263;1.470967;0.1749323;0.3176153;1.450993;0.1723835;0.6013891;1.422664;0.22718;0.7118758;1.440634;0.06270695;0.4624026;1.347427;0.004178832;0.2129669;1.296283;0.03787642;0.02820535;1.273502;0.04789607;-0.02206445;1.272876;0.2956215;0.4661143;1.50205;0.3091293;0.226178;1.578623;0.3431395;0.04247769;1.574408;0.3654986;-0.01572474;1.578484;0.1088311;0.0198813;1.400475;0.1784052;-0.2697431;1.350715;0.2212544;-0.5492029;1.319885;0.2825802;-0.6147999;1.290694;0.2272251;0.01662154;1.473383;0.1468327;-0.320866;1.407378;-0.0001335859;-0.651931;1.540472;0.0663377;-0.7045249;1.494856;0.1738121;0.5325298;1.431103;0.05492257;-0.09337752;1.287527;0.08484828;-0.01379944;1.267;0.3741442;-0.07982372;1.558579;0.3480576;-0.02820797;1.59241;
0.1879648;0.01537512;1.450523;0.1837733;0.316452;1.440923;0.1790439;0.600893;1.417049;0.2373501;0.7075344;1.428525;0.06896498;0.4585983;1.341387;0.02534166;0.2065754;1.287315;0.05867886;0.02189634;1.263092;0.0698384;-0.03099354;1.263454;0.2998074;0.4658089;1.498497;0.3331946;0.2507058;1.585976;0.3579735;0.03844571;1.571538;0.3780201;-0.01871511;1.576946;0.1224373;0.01517415;1.384705;0.2089722;-0.269486;1.335035;0.2510037;-0.5517474;1.307785;0.3065776;-0.6209439;1.28479;0.2447476;0.01523832;1.447714;0.162034;-0.3301004;1.401981;0.001522134;-0.6522414;1.540859;0.06574258;-0.7047728;1.495248;0.1805103;0.531947;1.424904;0.07490454;-0.09727411;1.277218;0.1059858;-0.01368439;1.254725;0.3801887;-0.08518779;1.553908;0.3520695;-0.07949473;1.5368;
0.2524647;0.003774076;1.414023;0.2369392;0.3100759;1.401604;0.2204869;0.5991888;1.378031;0.2777845;0.7087064;1.392108;0.1168023;0.4468021;1.301853;0.08835793;0.1921214;1.249463;0.1409296;-0.02090897;1.21971;0.1510804;-0.05519025;1.223607;0.323872;0.4751211;1.402005;0.3483409;0.2600396;1.497119;0.4066729;0.02165453;1.545704;0.42067;-0.02427752;1.558859;0.1828251;-0.002373755;1.354797;0.2796589;-0.2825972;1.308041;0.3016366;-0.5708148;1.28899;0.333352;-0.592714;1.186778;0.3104633;0.009386864;1.405804;0.2119727;-0.3356599;1.383312;0.01724275;-0.6336858;1.532739;0.06764419;-0.7043486;1.495644;0.2248753;0.5291895;1.385532;0.1691466;-0.09893244;1.233656;0.1860663;-0.04065387;1.213093;0.4232872;-0.08919597;1.542921;0.4002097;-0.03055433;1.567024;
0.2739056;-0.0009591074;1.395426;0.2544521;0.3076687;1.387388;0.2342077;0.598622;1.367361;0.2949386;0.7060753;1.379892;0.1304832;0.4457631;1.291073;0.1124402;0.1907342;1.234977;0.1624337;-0.02052364;1.206981;0.1710745;-0.05302806;1.206977;0.3437828;0.472416;1.378936;0.3679715;0.2572433;1.474148;0.4213803;0.02191861;1.537465;0.4381292;-0.02565315;1.549371;0.1999687;-0.009229772;1.341653;0.2847254;-0.2930197;1.312422;0.2907185;-0.5845426;1.302136;0.31662;-0.6086726;1.198141;0.3351228;0.007901543;1.380965;0.2251091;-0.3405414;1.375726;0.02096428;-0.627584;1.533494;0.06816205;-0.7029449;1.495893;0.2393991;0.5282019;1.37419;0.1758924;-0.1052281;1.213136;0.2060008;-0.03781221;1.195765;0.4406053;-0.08068098;1.537511;0.391052;-0.04182252;1.52875;
0.2896125;0.0003170434;1.384411;0.2713756;0.3089369;1.375662;0.2515719;0.6000389;1.355447;0.3111743;0.70863;1.367706;0.1455016;0.447034;1.280557;0.1311015;0.1920389;1.222696;0.1852999;-0.009747963;1.18801;0.2007303;-0.05179837;1.191878;0.3535214;0.4716338;1.367134;0.3775708;0.2564084;1.462403;0.4429853;0.02414386;1.525167;0.4522954;-0.02467904;1.537422;0.214508;-0.008082576;1.331331;0.2887495;-0.2943218;1.312408;0.2916112;-0.5856433;1.302148;0.3173992;-0.6100662;1.198282;0.3502026;0.008862805;1.370414;0.2379092;-0.3446283;1.368066;0.02663249;-0.6232798;1.531327;0.0694289;-0.6977149;1.495638;0.2567847;0.5295618;1.362256;0.215726;-0.09210471;1.199878;0.2253753;-0.03242098;1.169979;0.4526618;-0.0780283;1.521295;0.4077094;-0.04231188;1.4995;
0.3046755;0.001730959;1.368554;0.2860506;0.3108901;1.361925;0.2659172;0.6024276;1.34361;0.3266105;0.7112806;1.356988;0.1585741;0.4474514;1.269673;0.1485795;0.1924938;1.210257;0.2190732;-0.007561975;1.171829;0.2281362;-0.05081699;1.179763;0.3671084;0.4731565;1.353148;0.3909715;0.2578498;1.448505;0.4522742;0.02599729;1.516069;0.465567;-0.02152168;1.524608;0.2284791;-0.006233284;1.316861;0.2944326;-0.2937751;1.307301;0.2925062;-0.5862739;1.301546;0.3166561;-0.6117162;1.197536;0.3657908;0.009620227;1.353207;0.2486222;-0.3381209;1.360541;0.04317466;-0.6152855;1.521041;0.07334368;-0.690189;1.492062;0.2712033;0.5318451;1.34997;0.2612054;-0.1375472;1.20315;0.2496524;-0.03456264;1.153183;0.4806753;-0.07467163;1.514411;0.4230134;-0.06030771;1.494667;
0.3582642;0.002748346;1.366802;0.3175298;0.3137625;1.349894;0.3017358;0.6084039;1.317425;0.3860215;0.6969324;1.323209;0.1975581;0.4478815;1.241439;0.1861288;0.2074713;1.176038;0.2729928;0.04330019;1.139033;0.2802545;0.004525552;1.150374;0.4000356;0.499518;1.322759;0.4234954;0.2838326;1.418482;0.5072849;0.05224227;1.462654;0.5241733;-0.01351449;1.48261;0.2925323;-0.003408097;1.318942;0.3185843;-0.3039444;1.275928;0.29647;-0.5899067;1.299358;0.3178535;-0.623183;1.198993;0.4056795;0.008947755;1.348881;0.3284572;-0.3140453;1.316591;0.1337889;-0.5775692;1.471836;0.1325292;-0.6418903;1.453133;0.3033026;0.5372066;1.327498;0.3287028;-0.03518615;1.13158;0.2888639;0.04998964;1.10761;0.5495889;-0.06796072;1.4793;0.4888547;-0.04196422;1.467407;
0.3624508;0.00263143;1.366333;0.3472297;0.3134151;1.340991;0.3287453;0.6071999;1.304064;0.3995617;0.7115538;1.317238;0.215707;0.4472116;1.231001;0.2050955;0.2148561;1.166168;0.2914689;0.03942535;1.128757;0.2951842;0.002081933;1.141472;0.4221267;0.5066414;1.311086;0.44532;0.290861;1.406962;0.5161154;0.05549601;1.454653;0.5392099;-0.003751284;1.462051;0.295035;-0.003357607;1.318732;0.3265102;-0.3121079;1.276033;0.2959717;-0.597192;1.300262;0.3156604;-0.6315522;1.200102;0.4123299;0.008504971;1.347927;0.3004622;-0.2642545;1.24461;0.1843079;-0.584033;1.425074;0.1835901;-0.655667;1.36493;0.3349589;0.5360575;1.314306;0.3407747;-0.03394474;1.113958;0.3057373;0.0464688;1.0944;0.5483466;-0.06810441;1.451303;0.5122101;-0.04915068;1.4362;
0.3771861;0.001199943;1.362646;0.3496308;0.3132048;1.340681;0.3283131;0.6072199;1.304508;0.40915;0.7004997;1.310557;0.2158794;0.4472089;1.230908;0.221956;0.2190182;1.157628;0.302819;0.0397282;1.121124;0.3123386;0.002759203;1.130429;0.4186006;0.5061557;1.313163;0.4418382;0.2903858;1.409017;0.5298396;0.05795965;1.442806;0.5549091;0.002259451;1.445999;0.3094508;-0.006325804;1.314923;0.3418487;-0.3217498;1.277745;0.2947155;-0.6048752;1.301047;0.312388;-0.6399648;1.200797;0.4266763;0.008630774;1.344435;0.4473548;-0.2860818;1.337101;0.2248471;-0.5924967;1.435023;0.205567;-0.6466774;1.347065;0.3348557;0.5360525;1.314553;0.3571081;-0.03305013;1.104816;0.3222445;0.04953944;1.085148;0.5644658;-0.05899531;1.430911;0.5065075;0.02382746;1.401667;
0.4187323;-0.01191854;1.347279;0.4041574;0.3077188;1.319324;0.3843988;0.6096565;1.28115;0.4746585;0.6902752;1.278945;0.2664775;0.4467837;1.205134;0.2625375;0.2285806;1.138069;0.3392943;0.05633671;1.099565;0.3541158;0.002729121;1.114135;0.4687521;0.5070978;1.291557;0.4913696;0.2912909;1.387652;0.5764636;0.05593032;1.410674;0.5970813;0.003514817;1.410824;0.3490906;-0.01912237;1.301533;0.3695521;-0.3486205;1.280762;0.2914027;-0.6247284;1.306739;0.3020305;-0.671523;1.319097;0.4680787;-0.004381943;1.327533;0.5014946;-0.2997954;1.335504;0.4208477;-0.5802559;1.389022;0.4312881;-0.6260449;1.294507;0.3897928;0.5365744;1.292405;0.3873175;-0.06081462;1.111298;0.3805563;0.0158594;1.068129;0.6135449;-0.06345595;1.393676;0.539012;0.02093606;1.3765;
0.4416842;-0.01924815;1.355975;0.4199609;0.3028722;1.320289;0.3982315;0.6059803;1.275498;0.4837586;0.6910644;1.270839;0.2760366;0.4463196;1.202489;0.2700401;0.2297368;1.135005;0.3436327;0.0590221;1.097338;0.3623173;0.001785565;1.112472;0.4827733;0.5033919;1.285788;0.5052096;0.2876147;1.381927;0.5868795;0.05096312;1.404726;0.6078397;-0.007477175;1.402178;0.3791532;-0.0267804;1.314866;0.3679981;-0.3519951;1.277289;0.2906716;-0.6279838;1.305217;0.3072514;-0.6674017;1.32421;0.4840738;-0.01074444;1.332803;0.5065836;-0.3111809;1.330449;0.472472;-0.5912961;1.380751;0.4901162;-0.6326156;1.285884;0.4038711;0.5326874;1.288454;0.3969522;-0.06140023;1.106407;0.3196139;-0.01160649;1.151;0.6171449;-0.07228789;1.388252;0.5350033;-0.04220537;1.334;
0.4853858;-0.02473444;1.349948;0.4731087;0.2978366;1.312879;0.4573464;0.6026805;1.263646;0.5238408;0.6854393;1.234755;0.3240238;0.4345512;1.199892;0.2995977;0.2199728;1.136798;0.3775046;0.04199884;1.094538;0.3817741;-0.009067705;1.110036;0.5501863;0.4944824;1.263518;0.5717973;0.2788211;1.359926;0.6474276;0.03973799;1.379503;0.6572324;-0.0133395;1.387601;0.4159123;-0.03071844;1.307684;0.3672538;-0.3611031;1.258945;0.2954905;-0.6347644;1.305932;0.3126223;-0.6718264;1.327076;0.5320345;-0.0176872;1.327853;0.593811;-0.325785;1.324675;0.6446756;-0.6010016;1.37615;0.5534582;-0.5847381;1.340824;0.4618375;0.5288627;1.277688;0.4106793;-0.07214373;1.103103;0.3468689;-0.02933161;1.153;0.6628491;-0.08022797;1.372153;0.6010082;-0.003483601;1.348067;
0.4967898;-0.02527283;1.343392;0.4804282;0.2972818;1.310005;0.4613585;0.602198;1.263406;0.5626293;0.6543579;1.248648;0.3273822;0.4340973;1.200249;0.321442;0.1940386;1.139466;0.3876127;0.02132928;1.097476;0.3845192;-0.02226102;1.11588;0.5508099;0.4939559;1.263432;0.5724126;0.2783006;1.359839;0.6509652;0.03985774;1.377121;0.6694281;-0.01324472;1.376986;0.4256807;-0.03096758;1.301131;0.3726231;-0.3593394;1.257248;0.2979784;-0.6322331;1.30468;0.3129728;-0.6715773;1.324405;0.5441967;-0.01845117;1.321578;0.6158285;-0.3206337;1.324508;0.6390681;-0.6006418;1.374226;0.550862;-0.580586;1.338804;0.4665697;0.5283585;1.276911;0.4096593;-0.07658128;1.107932;0.3505343;-0.02947865;1.156488;0.6948425;-0.07635872;1.379797;0.5981212;-0.02147687;1.301974;
0.5329338;-0.0383167;1.335207;0.5268597;0.288076;1.304297;0.515032;0.5979544;1.262855;0.5744143;0.6778917;1.226413;0.3804022;0.4303617;1.212215;0.3297157;0.1901701;1.147385;0.393237;0.004725222;1.107015;0.3947916;-0.03225311;1.12716;0.6171595;0.4291306;1.266668;0.6379024;0.2142983;1.362922;0.7229106;-0.02141063;1.37645;0.717227;-0.03263557;1.371209;0.4559194;-0.04018252;1.295134;0.381249;-0.3567173;1.256239;0.3046427;-0.6295258;1.302122;0.3256298;-0.6617415;1.325893;0.5847695;-0.03507309;1.311524;0.6566633;-0.3133637;1.324424;0.7024837;-0.5914431;1.367929;0.6086426;-0.5603027;1.334961;0.519344;0.5227468;1.274804;0.4034527;-0.08175044;1.119298;0.3595674;-0.0483627;1.09881;0.7062379;-0.1276077;1.339027;0.6670424;-0.04715844;1.315133;
0.5493573;-0.03700449;1.332858;0.5389606;0.2878655;1.303867;0.5245559;0.5961445;1.263629;0.5762124;0.6849343;1.230508;0.3868947;0.4311445;1.213928;0.3375324;0.184944;1.155312;0.3954689;-0.004593747;1.112347;0.399307;-0.03919229;1.132853;0.6259279;0.4444584;1.267005;0.6466278;0.229505;1.363381;0.7242498;-0.009270883;1.374357;0.7416841;-0.03323813;1.367016;0.4749601;-0.0394548;1.293347;0.3900482;-0.3526179;1.255619;0.3079065;-0.6242561;1.300441;0.3275287;-0.6591111;1.32253;0.597842;-0.03313945;1.309115;0.6636583;-0.312828;1.324363;0.7086165;-0.5911817;1.36732;0.6136312;-0.5529236;1.333298;0.5288828;0.52139;1.275318;0.4078058;-0.08544331;1.141753;0.3593993;-0.05777192;1.110268;0.7515345;-0.08839595;1.359074;0.6950259;-0.05073234;1.319333;
0.6072534;-0.05250207;1.326699;0.5996667;0.2772715;1.30362;0.5872089;0.5897698;1.269546;0.6476178;0.6867627;1.248863;0.4474653;0.4289434;1.235694;0.3860512;0.1789388;1.185381;0.4110294;-0.003217184;1.136461;0.40775;-0.03752888;1.15099;0.7020602;0.4022243;1.288658;0.7828268;0.1695615;1.340645;0.7482569;-0.07981677;1.299292;0.7258818;-0.2890461;1.2815;0.5279949;-0.05206021;1.289289;0.425148;-0.3421482;1.263268;0.3188592;-0.6076249;1.300959;0.3213045;-0.6564447;1.313225;0.65775;-0.05036418;1.30187;0.7037185;-0.3314656;1.330673;0.7376057;-0.611789;1.371851;0.642888;-0.5414904;1.331728;0.5910751;0.5139768;1.279708;0.4097352;-0.08278846;1.150567;0.3706043;-0.04830124;1.144877;0.7373331;-0.3679925;1.279488;0.6828023;-0.2988427;1.277724;
0.6198549;-0.05476133;1.328447;0.6186752;0.2758778;1.306203;0.6132015;0.5896799;1.273102;0.6671014;0.6912155;1.254032;0.4716503;0.4364;1.24499;0.4058017;0.1870667;1.197547;0.4231027;-0.02399643;1.163134;0.4211534;-0.03645955;1.161698;0.7241234;0.3819217;1.286871;0.8029903;0.1499173;1.342194;0.8591973;-0.02619359;1.344404;0.8531219;-0.0526454;1.344415;0.5404042;-0.0532911;1.29284;0.4426548;-0.3387863;1.265568;0.3257191;-0.6002287;1.302781;0.311963;-0.6366085;1.199549;0.6705159;-0.05368492;1.302093;0.7259069;-0.3326561;1.329146;0.749077;-0.6139255;1.372349;0.6568263;-0.5360234;1.329754;0.6152982;0.5135121;1.283007;0.4253944;-0.08325644;1.157874;0.3799753;-0.02543007;1.163429;0.8428187;-0.08779836;1.320028;0.8090461;-0.06999164;1.319833;
0.6387863;-0.05328665;1.330991;0.6377173;0.2757217;1.307842;0.6308101;0.5878211;1.273814;0.6820868;0.6918864;1.256726;0.4871489;0.4408472;1.250264;0.4220088;0.1904354;1.209552;0.4368882;-0.02283898;1.170545;0.4413339;-0.0341449;1.17241;0.731051;0.387017;1.283614;0.8407701;0.1711535;1.343431;0.8478842;-0.07887007;1.31739;0.8088848;-0.1308702;1.30586;0.5582564;-0.05136964;1.296371;0.4623745;-0.3370828;1.265234;0.3328144;-0.5925069;1.304701;0.3140565;-0.6281813;1.201412;0.6895623;-0.05275769;1.303915;0.7395009;-0.33364;1.328615;0.7552574;-0.6155761;1.371989;0.6670762;-0.5353953;1.329455;0.6333889;0.5120688;1.283952;0.4475041;-0.08082058;1.167074;0.401361;-0.02583659;1.171822;0.7995043;-0.1763133;1.284884;0.7904685;-0.1033603;1.291333;
0.6909482;-0.04563232;1.33817;0.6839296;0.2739831;1.314337;0.6643141;0.5638705;1.279045;0.7314583;0.6705259;1.280702;0.5374158;0.4529401;1.272222;0.474046;0.2010352;1.243771;0.5100511;0.0006770624;1.209819;0.5466985;0.01759584;1.217565;0.7950145;0.3804151;1.292092;0.9062045;0.1748347;1.351124;0.9016691;-0.01202361;1.329576;0.8554726;-0.0430226;1.332844;0.6114982;-0.04222755;1.309386;0.5367456;-0.3329504;1.25846;0.4007433;-0.5633837;1.327202;0.3693824;-0.6046461;1.230016;0.7395405;-0.04663726;1.306065;0.7779247;-0.3302429;1.330428;0.793883;-0.6121929;1.373816;0.7060254;-0.5289887;1.331196;0.6720996;0.495206;1.289739;0.5953059;-0.007909872;1.214685;0.4827965;-0.0194604;1.197422;0.8508973;-0.05803926;1.319507;0.8435385;-0.04242242;1.31425;
0.7020703;-0.04331338;1.338004;0.696212;0.2576995;1.315613;0.6851059;0.5246819;1.283938;0.7360665;0.6527433;1.290076;0.5624493;0.457657;1.28206;0.4917606;0.2075457;1.255307;0.5218549;-0.001722674;1.213153;0.5608562;0.01540618;1.222995;0.8468531;0.3742788;1.300524;0.9180475;0.1845057;1.349181;0.9134638;-0.002402632;1.327693;0.9262637;-0.06342709;1.318081;0.6200429;-0.04008185;1.309896;0.5826043;-0.3358544;1.259462;0.4416733;-0.5758043;1.335046;0.4082881;-0.6174126;1.238918;0.752482;-0.04450405;1.305365;0.7871875;-0.3292598;1.328021;0.8031076;-0.6112155;1.371453;0.7162517;-0.5268428;1.329129;0.6890996;0.4607931;1.293442;0.6105269;-0.00894262;1.214099;0.5000657;-0.01963521;1.214963;0.9213571;-0.07832499;1.304971;0.9135681;-0.06255774;1.300016;
0.7129021;-0.04018306;1.338937;0.7207018;0.2761054;1.316471;0.7245672;0.583904;1.283172;0.7461954;0.6927649;1.265749;0.5720259;0.4594213;1.285848;0.5096189;0.207045;1.262519;0.5459509;-0.02538797;1.219878;0.5859551;-0.0045145;1.225118;0.8466593;0.3750302;1.298081;0.9241624;0.2114425;1.329882;0.9072632;0.02535575;1.300499;0.8452069;-0.02179586;1.298673;0.6300687;-0.03699483;1.312516;0.6077358;-0.3334786;1.26256;0.4745206;-0.5777978;1.33781;0.4411546;-0.6192563;1.241489;0.7637179;-0.04148712;1.304833;0.7968905;-0.3270608;1.325274;0.8127568;-0.6090357;1.368753;0.7270094;-0.5234371;1.326815;0.7264522;0.5105358;1.293164;0.6277802;-0.02734696;1.208913;0.5205453;-0.03848724;1.222683;0.8396415;-0.05302157;1.284225;0.8170231;0.03189992;1.2648;
0.7182489;-0.03901815;1.339784;0.7255616;0.2780358;1.31691;0.7271771;0.5841141;1.283359;0.759038;0.6931097;1.266769;0.5838534;0.462791;1.291143;0.5206631;0.2107179;1.266711;0.5527664;-0.01601083;1.222932;0.5925352;0.001934091;1.227451;0.8459028;0.3780967;1.29214;0.8076422;0.1957164;1.232032;0.8246031;0.009743478;1.234661;0.8251742;-0.02606982;1.281683;0.6363782;-0.03536215;1.315784;0.6308989;-0.3316783;1.266641;0.5150273;-0.5844057;1.341325;0.4819648;-0.6258005;1.244869;0.7684086;-0.04069164;1.303911;0.8049235;-0.3261272;1.321747;0.8207763;-0.6081085;1.365257;0.7350709;-0.5222425;1.323939;0.7286573;0.5107018;1.293349;0.6210459;-0.03860016;1.206617;0.5297242;-0.03176147;1.222878;0.8293781;-0.06307603;1.273806;0.8229091;-0.06241468;1.26;
0.7236288;-0.03886692;1.340495;0.7307352;0.2788724;1.317269;0.731535;0.5840194;1.283526;0.7725403;0.6926228;1.268495;0.5934944;0.4639766;1.295163;0.5279469;0.2124707;1.27122;0.5553302;-0.01457257;1.224236;0.5951455;0.004502358;1.22876;0.8313589;0.379553;1.277406;0.8225583;0.1420249;1.239581;0.8346485;-0.1072379;1.269402;0.8215969;-0.1592365;1.279972;0.6433638;-0.035888;1.319796;0.6537523;-0.3309964;1.269379;0.5502663;-0.5907975;1.337711;0.5140108;-0.6292279;1.240156;0.7728322;-0.04008733;1.30216;0.8086289;-0.3260193;1.318208;0.8244721;-0.6080027;1.361729;0.7386904;-0.5220438;1.320883;0.7326873;0.5105538;1.293544;0.6404703;-0.01937286;1.216289;0.531266;-0.02984773;1.220854;0.8157127;-0.2346046;1.268021;0.8577691;-0.1481035;1.272167;
0.7357964;-0.03984745;1.341109;0.7451816;0.2808978;1.31641;0.7511981;0.5863823;1.281662;0.8099642;0.6912512;1.26907;0.6140324;0.4674444;1.300194;0.5409754;0.2177742;1.279486;0.554059;0.03380232;1.22905;0.5955264;0.05057081;1.23581;0.8193228;0.3784431;1.258699;0.8309478;0.1215072;1.237793;0.8481451;-0.1266028;1.270695;0.8305667;-0.171629;1.278226;0.6580172;-0.03652082;1.328787;0.7070504;-0.3249993;1.275389;0.6129581;-0.5952767;1.315806;0.6042061;-0.4830006;1.299522;0.783557;-0.04158725;1.294932;0.7830038;-0.3354686;1.291035;0.7988862;-0.6173875;1.334459;0.7194343;-0.5460045;1.299863;0.7507271;0.5124027;1.291968;0.6490126;0.02153454;1.23102;0.5385476;0.01025558;1.20501;0.8191192;-0.2556413;1.266823;0.8575637;-0.1775857;1.263231;
0.7419345;-0.04306873;1.342248;0.746958;0.2801657;1.316463;0.751104;0.5863938;1.281485;0.8179737;0.6867502;1.267773;0.6167301;0.4674917;1.299802;0.54397;0.2176516;1.281626;0.5542672;0.03435419;1.229163;0.5739193;-0.0004083205;1.236315;0.8162416;0.3753491;1.254101;0.8335384;0.1188596;1.235142;0.8515062;-0.1290735;1.268492;0.8342845;-0.1732734;1.279422;0.665278;-0.03921479;1.33348;0.7255443;-0.3241955;1.272862;0.6241679;-0.5926542;1.310463;0.6116299;-0.4785582;1.297941;0.7879164;-0.0451884;1.29286;0.7821221;-0.3391471;1.290356;0.7980087;-0.6210275;1.33378;0.7192065;-0.5458697;1.298597;0.7507867;0.5123516;1.291865;0.5780308;-0.04384921;1.230023;0.5233421;-0.02289607;1.229282;0.8223803;-0.2564141;1.269918;0.8714965;-0.1545456;1.2664;
0.7467748;-0.04856465;1.343239;0.7561248;0.2771679;1.314885;0.7626912;0.5870715;1.276074;0.8245921;0.6889164;1.260369;0.633749;0.4669251;1.297916;0.5489384;0.220641;1.283044;0.554566;0.03469571;1.229594;0.5749505;-0.0006786618;1.240565;0.8015807;0.3605126;1.238343;0.8362042;0.1063984;1.230728;0.8549079;-0.1408536;1.266811;0.8361284;-0.182667;1.278613;0.6741582;-0.04452519;1.338165;0.7320105;-0.3291991;1.269925;0.6299826;-0.5974711;1.307172;0.6162629;-0.4834692;1.295936;0.7894365;-0.05140273;1.290646;0.7817426;-0.3451718;1.289162;0.7976277;-0.6269892;1.332588;0.7189524;-0.5472127;1.296768;0.7618666;0.5118635;1.287482;0.5756031;-0.04379372;1.234925;0.5205055;-0.02627012;1.234708;0.8216671;-0.2685233;1.268431;0.8678054;-0.1591439;1.260332;
0.7512947;-0.05484508;1.344316;0.7562851;0.2755398;1.314993;0.7588058;0.5863118;1.275619;0.8307106;0.6795211;1.255579;0.6332889;0.4660747;1.297422;0.5518993;0.2186743;1.284408;0.5550857;0.03554803;1.230933;0.5752264;-0.001557821;1.245921;0.8029765;0.361779;1.238741;0.8370828;0.1075104;1.227305;0.8558139;-0.1398491;1.262896;0.8375967;-0.1836831;1.276871;0.6753261;-0.04922598;1.340729;0.7387438;-0.3314733;1.266403;0.8393163;-0.7039734;1.202703;0.8069726;-0.7264538;1.097888;0.7967604;-0.05887548;1.28873;0.7799448;-0.3525731;1.288672;0.7958387;-0.6343142;1.332088;0.7187816;-0.5467216;1.295182;0.7597175;0.5109206;1.287229;0.5780209;-0.04473501;1.24131;0.5251815;-0.02652172;1.235991;0.825854;-0.2688433;1.268475;0.8698408;-0.1767889;1.261125;
